Country Name,Country Code,Series Name,Series Code,2012 [YR2012],2013 [YR2013],2014 [YR2014],2015 [YR2015],2016 [YR2016],2017 [YR2017],2018 [YR2018],2019 [YR2019],2020 [YR2020],2021 [YR2021],2022 [YR2022],2023 [YR2023]
Afghanistan,AFG,Scientific and technical journal articles,IP.JRN.ARTC.SC,34.65,27.31,35.01,21.19,59.55,72.4,90.34,139.36,145.71,177.39,169.19,..
Albania,ALB,Scientific and technical journal articles,IP.JRN.ARTC.SC,150.63,148.81,154.14,159.48,165.44,133.42,170.56,203.1,167.16,241.09,238.59,..
Algeria,DZA,Scientific and technical journal articles,IP.JRN.ARTC.SC,2998.95,3397.03,3618.61,4070.79,4447.92,5141.7,5291.25,6230.58,5709.84,6839,7606.65,..
American Samoa,ASM,Scientific and technical journal articles,IP.JRN.ARTC.SC,..,..,..,..,..,..,..,..,..,..,..,..
Andorra,AND,Scientific and technical journal articles,IP.JRN.ARTC.SC,4.53,5.26,4.18,7.96,7.83,1.67,3.19,5.41,8.14,9.44,9.6,..
Angola,AGO,Scientific and technical journal articles,IP.JRN.ARTC.SC,21.3,23.85,34.57,32.12,37.81,55.13,29.7,36.39,48.51,42.35,44.99,..
Antigua and Barbuda,ATG,Scientific and technical journal articles,IP.JRN.ARTC.SC,2.08,2.72,1.7,3.3,4.34,5.45,4.64,6.32,6.56,7.43,7.02,..
Argentina,ARG,Scientific and technical journal articles,IP.JRN.ARTC.SC,7803.52,7945.07,8330.4,8393.72,8601.99,8793.98,9234.47,9223.65,9999.61,9980.73,9122.18,..
Armenia,ARM,Scientific and technical journal articles,IP.JRN.ARTC.SC,548.98,532.37,540.71,534.03,536.98,539.3,524.57,627.03,622.39,576.14,655.3,..
Aruba,ABW,Scientific and technical journal articles,IP.JRN.ARTC.SC,..,..,..,..,..,..,..,..,..,..,..,..
Australia,AUS,Scientific and technical journal articles,IP.JRN.ARTC.SC,46728.07,50921.2,52854.67,54235.21,55173.81,55219.84,56691.37,58770.26,58870.89,61975.95,62305.03,..
Austria,AUT,Scientific and technical journal articles,IP.JRN.ARTC.SC,12181.72,12414.79,12632.76,13137.08,12976.33,13072.27,13121.29,13708.07,14005.41,14969.64,14537.08,..
Azerbaijan,AZE,Scientific and technical journal articles,IP.JRN.ARTC.SC,679.97,476.47,391.27,449.94,592.94,732.12,810.68,924.14,1033.88,1014.28,1174.57,..
"Bahamas, The",BHS,Scientific and technical journal articles,IP.JRN.ARTC.SC,8.01,18.89,15.89,12.77,13.91,20.78,20.64,19,21.42,22.14,17.75,..
Bahrain,BHR,Scientific and technical journal articles,IP.JRN.ARTC.SC,159.51,241.91,214.55,180.86,234.78,255.57,337.97,465.67,509,650.35,671.6,..
Bangladesh,BGD,Scientific and technical journal articles,IP.JRN.ARTC.SC,1921.35,1787.42,2408.26,2182.74,2590.98,3126.85,3182.44,5204.89,5121.48,7551.78,7056.17,..
Barbados,BRB,Scientific and technical journal articles,IP.JRN.ARTC.SC,48.49,41.83,45.47,55.17,54.32,50.16,48.22,53.74,61.93,55.51,72.38,..
Belarus,BLR,Scientific and technical journal articles,IP.JRN.ARTC.SC,1043.1,1107.04,1059.93,988.28,1008.15,1080.38,1228.81,1502.43,1521.33,1597.03,1519.37,..
Belgium,BEL,Scientific and technical journal articles,IP.JRN.ARTC.SC,16327.84,16589.95,16888.19,16730.49,16792.56,16305.94,16529.95,16644.86,16947.47,18319.58,17612.3,..
Belize,BLZ,Scientific and technical journal articles,IP.JRN.ARTC.SC,8.3,7.75,5.16,7.64,5.88,11.55,9.74,10.21,17.62,12.52,17.74,..
Benin,BEN,Scientific and technical journal articles,IP.JRN.ARTC.SC,143.3,178.78,179.52,180,173.32,207.64,233.16,276.96,317.18,381.61,413.69,..
Bermuda,BMU,Scientific and technical journal articles,IP.JRN.ARTC.SC,..,..,..,..,..,..,..,..,..,..,..,..
Bhutan,BTN,Scientific and technical journal articles,IP.JRN.ARTC.SC,16.22,28.2,28.36,26.15,43.67,47.63,53,56.06,82.17,105.03,115.3,..
Bolivia,BOL,Scientific and technical journal articles,IP.JRN.ARTC.SC,86.1,90.53,89.46,89.18,92.83,92.6,110.67,134.03,178.44,176.29,188.02,..
Bosnia and Herzegovina,BIH,Scientific and technical journal articles,IP.JRN.ARTC.SC,550.32,490.13,491.61,584.17,584.92,748.93,761.17,829.49,1004.72,1122.99,1039.36,..
Botswana,BWA,Scientific and technical journal articles,IP.JRN.ARTC.SC,159.99,167.45,204.79,163.66,236.02,240.19,285.21,308.55,324.27,386.48,392.69,..
Brazil,BRA,Scientific and technical journal articles,IP.JRN.ARTC.SC,48166.15,50197.15,52367.03,53504.24,55719.12,59143.03,63130.11,66506.17,70490.47,73727.34,67030.59,..
British Virgin Islands,VGB,Scientific and technical journal articles,IP.JRN.ARTC.SC,..,..,..,..,..,..,..,..,..,..,..,..
Brunei Darussalam,BRN,Scientific and technical journal articles,IP.JRN.ARTC.SC,116.39,123.02,186.05,174.11,220.47,200.95,294.39,230.03,292.63,335.16,414.38,..
Bulgaria,BGR,Scientific and technical journal articles,IP.JRN.ARTC.SC,2648.91,2680.44,2661.88,2554.77,2544.29,2963.85,3375.36,4302.46,4559.2,4858.99,4784.13,..
Burkina Faso,BFA,Scientific and technical journal articles,IP.JRN.ARTC.SC,189,163.87,169.34,192.98,205.94,208.93,254.91,261.75,261.62,331.81,411.23,..
Burundi,BDI,Scientific and technical journal articles,IP.JRN.ARTC.SC,10.65,14.28,12.91,12.5,11.72,13.19,20.41,29.9,35.24,26.93,27.99,..
Cabo Verde,CPV,Scientific and technical journal articles,IP.JRN.ARTC.SC,3.88,7.6,8.77,11.85,8.78,14.24,8.94,13.9,20.9,23.6,22.01,..
Cambodia,KHM,Scientific and technical journal articles,IP.JRN.ARTC.SC,77.26,85.39,93.44,111.49,125.21,125.22,147.68,145.71,163.05,171.26,203.2,..
Cameroon,CMR,Scientific and technical journal articles,IP.JRN.ARTC.SC,408.48,468.51,565.1,596.57,673.48,795.89,873.26,933.48,1108.11,1338.46,1506.03,..
Canada,CAN,Scientific and technical journal articles,IP.JRN.ARTC.SC,59761.57,60074.83,60858.96,61391.62,61324.12,61601.66,63648.46,64546.67,65331.55,69684.17,69051.87,..
Cayman Islands,CYM,Scientific and technical journal articles,IP.JRN.ARTC.SC,..,..,..,..,..,..,..,..,..,..,..,..
Central African Republic,CAF,Scientific and technical journal articles,IP.JRN.ARTC.SC,10.58,12.59,17.22,12.65,27.42,18.45,21.89,16.74,19.56,15.27,19.82,..
Chad,TCD,Scientific and technical journal articles,IP.JRN.ARTC.SC,4.56,5.01,8.66,9.36,10.64,15.12,16.89,14.33,13.56,24.68,28.87,..
Channel Islands,CHI,Scientific and technical journal articles,IP.JRN.ARTC.SC,..,..,..,..,..,..,..,..,..,..,..,..
Chile,CHL,Scientific and technical journal articles,IP.JRN.ARTC.SC,5059.05,5099.24,5871.42,6161.44,6774.99,6921.66,7572.42,8012.18,9032.26,9990.88,9057.77,..
China,CHN,Scientific and technical journal articles,IP.JRN.ARTC.SC,329067.39,355650.59,385100.77,406733.9,436613.57,468712.74,532295.26,617494.48,672734.7,766200.41,898949.09,..
Colombia,COL,Scientific and technical journal articles,IP.JRN.ARTC.SC,4076.94,4525.2,4993.33,5383.5,6417.19,6701.16,7531.98,8752.82,9599.78,10300.11,9683.4,..
Comoros,COM,Scientific and technical journal articles,IP.JRN.ARTC.SC,1.2,8.93,1.51,1.74,4.84,3.89,3.07,3.79,3.51,4.82,3.74,..
"Congo, Dem. Rep.",COD,Scientific and technical journal articles,IP.JRN.ARTC.SC,70.06,67.57,86.12,98.77,97.2,123.04,141.87,138.67,175.79,213.24,237.5,..
"Congo, Rep.",COG,Scientific and technical journal articles,IP.JRN.ARTC.SC,54.44,51.36,70.56,78.11,76.62,66.74,62.22,76.77,75.72,88.68,90.39,..
Costa Rica,CRI,Scientific and technical journal articles,IP.JRN.ARTC.SC,311.7,275.45,365.39,363.09,425.5,483.69,542.38,631.94,702.29,753.03,711.36,..
Cote d'Ivoire,CIV,Scientific and technical journal articles,IP.JRN.ARTC.SC,185.59,157.68,181.43,177.4,174.13,205.54,248.35,241.19,249.23,334.45,297.65,..
Croatia,HRV,Scientific and technical journal articles,IP.JRN.ARTC.SC,4442.57,4241.78,4062.94,4115.56,4068.08,4433.35,4721.48,4751.25,5066.8,5782.73,5711.14,..
Cuba,CUB,Scientific and technical journal articles,IP.JRN.ARTC.SC,1526.64,1570.27,1471.66,1342.36,1158.34,1134.65,1167.92,1115.94,1366.16,1532.31,1237.5,..
Curacao,CUW,Scientific and technical journal articles,IP.JRN.ARTC.SC,..,..,..,..,..,..,..,..,..,..,..,..
Cyprus,CYP,Scientific and technical journal articles,IP.JRN.ARTC.SC,798.85,964.53,914.61,937.96,1071.31,1223.71,1296.14,1351.09,1466.69,1733.92,1866.52,..
Czechia,CZE,Scientific and technical journal articles,IP.JRN.ARTC.SC,13617.94,13764.71,15039.45,16488.26,16418.09,16387.57,15899.72,16546.99,15501.35,15882.75,14425.23,..
Denmark,DNK,Scientific and technical journal articles,IP.JRN.ARTC.SC,12398.11,12912.29,14140.3,14343.41,14395.75,14654.73,14802.91,15073.24,15427.2,16242.39,16126.02,..
Djibouti,DJI,Scientific and technical journal articles,IP.JRN.ARTC.SC,7.42,6.45,7.51,5.71,4.19,5.24,6.54,4.88,10.48,8.2,13.16,..
Dominica,DMA,Scientific and technical journal articles,IP.JRN.ARTC.SC,11.84,12.08,9.21,10.28,10.8,12,11.83,5.15,5.46,6.91,5.17,..
Dominican Republic,DOM,Scientific and technical journal articles,IP.JRN.ARTC.SC,25.65,40.72,42.42,34.66,36.46,48.5,54.97,71.11,90.86,112.22,109.82,..
Ecuador,ECU,Scientific and technical journal articles,IP.JRN.ARTC.SC,244.88,261.98,406.82,657.3,1152.65,1599.51,2166.56,2457.62,2930.96,3095.23,3573.97,..
"Egypt, Arab Rep.",EGY,Scientific and technical journal articles,IP.JRN.ARTC.SC,8281.32,8509.71,9014.75,9709.94,11127.39,11187.53,13196.84,15448.49,18009.29,21379.39,24025,..
El Salvador,SLV,Scientific and technical journal articles,IP.JRN.ARTC.SC,19.87,15.39,18.89,24.62,29.01,29.67,46.52,25.85,19.21,33.42,54.79,..
Equatorial Guinea,GNQ,Scientific and technical journal articles,IP.JRN.ARTC.SC,2.32,2.14,2.36,4.05,4.85,2.96,2.6,4.07,1.7,4.42,2.99,..
Eritrea,ERI,Scientific and technical journal articles,IP.JRN.ARTC.SC,4.25,10.52,7.65,10.34,8.86,13.65,21.47,26.56,37.68,32.82,34.32,..
Estonia,EST,Scientific and technical journal articles,IP.JRN.ARTC.SC,1497.43,1450.11,1687.96,1544.89,1575.25,1589.67,1503.59,1694.02,1794.38,1877.57,1842.31,..
Eswatini,SWZ,Scientific and technical journal articles,IP.JRN.ARTC.SC,15.62,17.34,10.71,15.25,18.78,28.79,29.4,33.67,36.63,39.75,43.19,..
Ethiopia,ETH,Scientific and technical journal articles,IP.JRN.ARTC.SC,650.03,771.42,985.33,1014.8,1168.41,1630.8,2100.47,2735.23,4141.92,5716,7155.92,..
Faroe Islands,FRO,Scientific and technical journal articles,IP.JRN.ARTC.SC,..,..,..,..,..,..,..,..,..,..,..,..
Fiji,FJI,Scientific and technical journal articles,IP.JRN.ARTC.SC,64.66,83.39,118.24,101.27,166.91,140.07,162.94,160.31,183.38,206.51,212.83,..
Finland,FIN,Scientific and technical journal articles,IP.JRN.ARTC.SC,10587.78,10837.45,11283.46,11122.9,11298.48,10979.67,11150.48,11414.95,11315.41,11810.95,12012.73,..
France,FRA,Scientific and technical journal articles,IP.JRN.ARTC.SC,72430.66,73455.58,73314.26,72732.87,71971.68,70699.91,69234.08,68294.1,67560.3,69471.16,65888.42,..
French Polynesia,PYF,Scientific and technical journal articles,IP.JRN.ARTC.SC,..,..,..,..,..,..,..,..,..,..,..,..
Gabon,GAB,Scientific and technical journal articles,IP.JRN.ARTC.SC,50.52,54.08,60.1,61.03,59.25,61.38,61.46,76.27,62.1,92.54,95.12,..
"Gambia, The",GMB,Scientific and technical journal articles,IP.JRN.ARTC.SC,37.11,45.65,46.24,41.96,52.33,46.96,35.71,51.16,60.99,80.5,78.46,..
Georgia,GEO,Scientific and technical journal articles,IP.JRN.ARTC.SC,452.71,470.11,460.12,490.4,592.01,542.95,548.01,621.16,619.47,657.35,598.53,..
Germany,DEU,Scientific and technical journal articles,IP.JRN.ARTC.SC,105639.02,106118.13,108118.23,108479.28,110725.54,111426.61,111308.13,113491.66,112179.45,119603.62,113976.3,..
Ghana,GHA,Scientific and technical journal articles,IP.JRN.ARTC.SC,514.3,580.35,623.17,786.31,1008,1116.58,1363.5,1656.45,2076.52,2559.56,3075.26,..
Gibraltar,GIB,Scientific and technical journal articles,IP.JRN.ARTC.SC,..,..,..,..,..,..,..,..,..,..,..,..
Greece,GRC,Scientific and technical journal articles,IP.JRN.ARTC.SC,11842.68,11775.12,11537,11331.18,11175.8,11146.65,11287.46,11908.61,12756.02,14749.19,15105.34,..
Greenland,GRL,Scientific and technical journal articles,IP.JRN.ARTC.SC,25.44,31.57,23.84,29.22,23.8,25.88,31.51,28.41,29.34,35.19,30.55,..
Grenada,GRD,Scientific and technical journal articles,IP.JRN.ARTC.SC,29.85,34.5,55.26,33.62,36.97,56.14,46.65,58.19,57.66,61.74,52.76,..
Guam,GUM,Scientific and technical journal articles,IP.JRN.ARTC.SC,..,..,..,..,..,..,..,..,..,..,..,..
Guatemala,GTM,Scientific and technical journal articles,IP.JRN.ARTC.SC,67.55,72.98,63.06,85.69,91.55,105.53,106.75,95.12,123.82,124.03,121.38,..
Guinea,GIN,Scientific and technical journal articles,IP.JRN.ARTC.SC,11.65,10.51,20.42,27.61,38.66,36.5,27.85,34.43,40.58,48.47,47.18,..
Guinea-Bissau,GNB,Scientific and technical journal articles,IP.JRN.ARTC.SC,12.8,12.09,17.74,9.68,11.07,16.62,15.58,14.05,16.91,14.11,14.77,..
Guyana,GUY,Scientific and technical journal articles,IP.JRN.ARTC.SC,13.39,13.74,12.11,9.85,13.58,17.45,14.89,17.09,25.06,29.95,28.87,..
Haiti,HTI,Scientific and technical journal articles,IP.JRN.ARTC.SC,16.87,29.38,36.71,33.84,32.5,42.22,31.58,35.07,41.75,40.18,37.56,..
Honduras,HND,Scientific and technical journal articles,IP.JRN.ARTC.SC,26.42,19.55,25.36,30.92,32.64,45.54,46.74,78.07,114.94,112.68,159.18,..
"Hong Kong SAR, China",HKG,Scientific and technical journal articles,IP.JRN.ARTC.SC,..,..,..,..,..,..,..,..,..,..,..,..
Hungary,HUN,Scientific and technical journal articles,IP.JRN.ARTC.SC,6506.75,6306.37,6670.04,6586.04,6531.06,6766.09,6875.82,7377.59,7762.07,8387.03,8801.72,..
Iceland,ISL,Scientific and technical journal articles,IP.JRN.ARTC.SC,645.19,589.16,597.31,615.26,674.43,641.27,720.82,680.46,686.83,751.67,765.6,..
India,IND,Scientific and technical journal articles,IP.JRN.ARTC.SC,78135.08,82849.43,91832.04,98300.94,107483.91,113508.58,130234.95,132819.62,148409.55,179806.22,207390.38,..
Indonesia,IDN,Scientific and technical journal articles,IP.JRN.ARTC.SC,2111.14,2815.34,3354.32,4474.1,6753.72,13002.06,21795.18,31005.34,32895.71,39566.05,31947.1,..
"Iran, Islamic Rep.",IRN,Scientific and technical journal articles,IP.JRN.ARTC.SC,31462.35,32380.6,35447.71,36885.35,41932.91,45826.76,48707.42,54505.54,56966,59374.36,60939.82,..
Iraq,IRQ,Scientific and technical journal articles,IP.JRN.ARTC.SC,842.4,805.37,806.21,839.57,1193.62,1971.46,3475.9,6385.65,7521.02,11401.67,13407.6,..
Ireland,IRL,Scientific and technical journal articles,IP.JRN.ARTC.SC,7018.56,7077.4,7186.57,6896.82,7148.95,7288.93,7457.08,7999.14,8513.7,9437,9254.27,..
Isle of Man,IMN,Scientific and technical journal articles,IP.JRN.ARTC.SC,..,..,..,..,..,..,..,..,..,..,..,..
Israel,ISR,Scientific and technical journal articles,IP.JRN.ARTC.SC,11614.79,11390.71,12086.64,12249.84,12479.66,12507.34,12752.3,13267.72,13675.43,15132.89,15417.46,..
Italy,ITA,Scientific and technical journal articles,IP.JRN.ARTC.SC,64130.5,67380.42,69089.63,70947.03,70793.77,72117.06,73693.73,78131.55,86301.61,92877.32,90585.64,..
Jamaica,JAM,Scientific and technical journal articles,IP.JRN.ARTC.SC,206.96,201.42,208.67,155.26,162.19,168.53,197.8,152.88,172.21,212.21,168.07,..
Japan,JPN,Scientific and technical journal articles,IP.JRN.ARTC.SC,109040.04,108551.11,105286.6,102018.5,102449.32,102425.45,103957.43,104005.62,102788.11,109074.89,103722.96,..
Jordan,JOR,Scientific and technical journal articles,IP.JRN.ARTC.SC,1380.32,1403.65,1368.51,1421.99,1672.05,1994.89,2472.02,3009.79,3373.47,4068.98,5249.35,..
Kazakhstan,KAZ,Scientific and technical journal articles,IP.JRN.ARTC.SC,447.55,621.51,906.72,1110.37,1470.61,1690.02,1973.65,2413.12,2907,3294.93,3550.75,..
Kenya,KEN,Scientific and technical journal articles,IP.JRN.ARTC.SC,791.58,853.74,935.73,1001.89,1100.23,1191.38,1334.77,1463.07,1786.27,1976.72,2007.14,..
Kiribati,KIR,Scientific and technical journal articles,IP.JRN.ARTC.SC,1,1.05,1.94,1.48,2.17,2.54,0.62,3.97,3.71,2.36,2.03,..
"Korea, Dem. People's Rep.",PRK,Scientific and technical journal articles,IP.JRN.ARTC.SC,17.88,9.11,16.73,39.01,42.06,56.6,89.9,144.61,177.26,245.09,263.49,..
"Korea, Rep.",KOR,Scientific and technical journal articles,IP.JRN.ARTC.SC,56100.89,57320.12,60152.58,62722.77,62915.13,64096.89,66892.64,70701.85,73255.78,77566.47,76935.71,..
Kosovo,XKX,Scientific and technical journal articles,IP.JRN.ARTC.SC,112.95,121.59,115.81,131.94,180.01,218.35,257.91,272.56,267.8,306.41,428.36,..
Kuwait,KWT,Scientific and technical journal articles,IP.JRN.ARTC.SC,823.4,871.03,784.11,864.37,816.43,850.76,1001.08,1162.19,1134.46,1255.18,1334.56,..
Kyrgyz Republic,KGZ,Scientific and technical journal articles,IP.JRN.ARTC.SC,51.95,56.04,50.81,48.24,106.29,115.48,135.02,186.15,209.59,252.43,236.83,..
Lao PDR,LAO,Scientific and technical journal articles,IP.JRN.ARTC.SC,62.81,72.11,56.61,70.96,89,78.82,89.81,94.68,90.23,87.11,83.93,..
Latvia,LVA,Scientific and technical journal articles,IP.JRN.ARTC.SC,1147.24,1192.04,1163.27,1398.7,1347.95,1557.08,1448.69,1603.35,1549.52,1903.51,1690.44,..
Lebanon,LBN,Scientific and technical journal articles,IP.JRN.ARTC.SC,1023.86,1099.86,1219.11,1301.39,1472.02,1561.41,1907.25,2096.33,2236.68,2207.34,2091.17,..
Lesotho,LSO,Scientific and technical journal articles,IP.JRN.ARTC.SC,21.26,15.19,11.63,16.51,21.59,24.87,21.11,37.74,34.31,43.94,47.96,..
Liberia,LBR,Scientific and technical journal articles,IP.JRN.ARTC.SC,7.47,3.46,9.45,10.71,17.19,21.09,25.33,21.98,10.6,26.16,25.91,..
Libya,LBY,Scientific and technical journal articles,IP.JRN.ARTC.SC,152.3,203.74,194.48,175.79,140.44,162.62,167.84,186.16,245.96,456.28,407.95,..
Liechtenstein,LIE,Scientific and technical journal articles,IP.JRN.ARTC.SC,30.76,31.48,40.29,32.83,45.34,36.1,30.99,31.85,40.39,40.21,40.79,..
Lithuania,LTU,Scientific and technical journal articles,IP.JRN.ARTC.SC,2247.28,2240.39,2444.28,2474.04,2335.81,2400.43,2353.94,2594.62,2888.91,3102.55,3132.62,..
Luxembourg,LUX,Scientific and technical journal articles,IP.JRN.ARTC.SC,593.83,765.94,876.26,816.06,874.4,831.12,911.61,955.34,980.18,1075.91,1170.6,..
"Macao SAR, China",MAC,Scientific and technical journal articles,IP.JRN.ARTC.SC,..,..,..,..,..,..,..,..,..,..,..,..
Madagascar,MDG,Scientific and technical journal articles,IP.JRN.ARTC.SC,94.11,112.7,113.92,106.35,100.7,133.24,124.8,122.45,175.76,174.2,156.66,..
Malawi,MWI,Scientific and technical journal articles,IP.JRN.ARTC.SC,157.59,135.58,171.69,178.8,195.41,234.81,245.97,252.4,291.02,371.88,361.73,..
Malaysia,MYS,Scientific and technical journal articles,IP.JRN.ARTC.SC,14203.57,15008.95,16608.39,18099.96,18747.44,19900.96,19992.49,21651.72,21993.06,26302.68,26506.35,..
Maldives,MDV,Scientific and technical journal articles,IP.JRN.ARTC.SC,8.08,7.04,5.87,7.08,6.8,7.06,7.15,10.97,24.84,25.26,35.87,..
Mali,MLI,Scientific and technical journal articles,IP.JRN.ARTC.SC,84.82,61.61,70.27,66.05,77.24,98.94,87.24,91.85,99.3,112.89,118.09,..
Malta,MLT,Scientific and technical journal articles,IP.JRN.ARTC.SC,248.87,292.87,289.77,330.89,359.9,422.04,445.9,426.22,506.7,528.43,593.57,..
Marshall Islands,MHL,Scientific and technical journal articles,IP.JRN.ARTC.SC,1.49,1.33,1.19,3.59,1.39,0.72,2.51,3.02,1.86,2.97,2.24,..
Mauritania,MRT,Scientific and technical journal articles,IP.JRN.ARTC.SC,12.99,15.17,12.19,14.3,15.13,11.4,16.72,20.63,22.25,36.65,26.47,..
Mauritius,MUS,Scientific and technical journal articles,IP.JRN.ARTC.SC,115.62,121.12,122.34,120.65,155.07,167.13,133.59,236.54,193.23,193.76,238.86,..
Mexico,MEX,Scientific and technical journal articles,IP.JRN.ARTC.SC,12602.76,13186.8,14167.62,14570.29,15194.65,16177.94,17182.13,18991.67,20363.28,21753.88,21027.1,..
"Micronesia, Fed. Sts.",FSM,Scientific and technical journal articles,IP.JRN.ARTC.SC,4.63,4.85,3.33,6.75,3.81,6.58,4.37,2.32,7.57,2.24,3.39,..
Moldova,MDA,Scientific and technical journal articles,IP.JRN.ARTC.SC,203.1,212.96,206.09,190.6,292.07,239.49,211.47,274.4,298.55,287.95,283.96,..
Monaco,MCO,Scientific and technical journal articles,IP.JRN.ARTC.SC,30.41,37.72,39.62,43,42.91,50.85,46.8,47.7,50.06,57.44,57.07,..
Mongolia,MNG,Scientific and technical journal articles,IP.JRN.ARTC.SC,127.91,162.96,115.38,101.76,117.4,150.84,152.35,193.54,214.2,283.96,262.05,..
Montenegro,MNE,Scientific and technical journal articles,IP.JRN.ARTC.SC,159.13,190.08,199.17,224.21,241.08,284.32,256.39,281.21,317.08,313.93,294.93,..
Morocco,MAR,Scientific and technical journal articles,IP.JRN.ARTC.SC,2118.55,2160.84,2484.83,2485.77,3652.98,4017.29,4792.31,5511.7,6360.45,7388.64,8445.14,..
Mozambique,MOZ,Scientific and technical journal articles,IP.JRN.ARTC.SC,63.44,69.92,87.45,105.17,109.95,133,150.7,155.23,176.28,219.67,194.32,..
Myanmar,MMR,Scientific and technical journal articles,IP.JRN.ARTC.SC,38.6,34.32,45.94,73.41,86.18,149.82,233.92,289.25,429.75,273.83,163.39,..
Namibia,NAM,Scientific and technical journal articles,IP.JRN.ARTC.SC,64.47,85.49,91.97,100.28,100.59,114.24,160.59,157.84,203.62,230.62,219.77,..
Nauru,NRU,Scientific and technical journal articles,IP.JRN.ARTC.SC,0.5,0.34,0.37,0.33,0.47,0,0,0.33,0.9,0,0.27,..
Nepal,NPL,Scientific and technical journal articles,IP.JRN.ARTC.SC,395.9,458.01,507.32,539.03,627.01,693.49,840.67,1054.19,1513.19,1797.2,1699.22,..
Netherlands,NLD,Scientific and technical journal articles,IP.JRN.ARTC.SC,31031.95,31621.17,31939.52,31744.65,31496.18,31643.49,32093.15,32282.4,33060.81,34933.42,34311.17,..
New Caledonia,NCL,Scientific and technical journal articles,IP.JRN.ARTC.SC,..,..,..,..,..,..,..,..,..,..,..,..
New Zealand,NZL,Scientific and technical journal articles,IP.JRN.ARTC.SC,7759.43,7808.07,7997.3,7892.26,8203.8,8178.13,8396.44,8890.78,8813.47,9152.02,9213.62,..
Nicaragua,NIC,Scientific and technical journal articles,IP.JRN.ARTC.SC,31.53,28.96,33.56,27.42,37.77,42.41,43.03,35.85,39.21,45.56,41.45,..
Niger,NER,Scientific and technical journal articles,IP.JRN.ARTC.SC,30.76,31.32,48.31,52.98,51.13,57.14,65.89,63.64,67.78,56.76,73.56,..
Nigeria,NGA,Scientific and technical journal articles,IP.JRN.ARTC.SC,3114.14,3137.77,3554.04,3561.88,3958.74,4502.59,5528.59,6894.13,8170.31,9422.75,9408.02,..
North Macedonia,MKD,Scientific and technical journal articles,IP.JRN.ARTC.SC,477.66,467.06,493.09,480.78,441.03,467.11,448.02,467.73,444.11,440.8,532.17,..
Northern Mariana Islands,MNP,Scientific and technical journal articles,IP.JRN.ARTC.SC,..,..,..,..,..,..,..,..,..,..,..,..
Norway,NOR,Scientific and technical journal articles,IP.JRN.ARTC.SC,10328.16,10371.73,10660.66,10715.99,11388.28,11973.4,12413.22,12827.31,13480.21,14194.52,14068.95,..
Oman,OMN,Scientific and technical journal articles,IP.JRN.ARTC.SC,603.03,670.52,691.48,762.02,771.58,787.97,846.25,982.36,1074.58,1399.09,1588.15,..
Pakistan,PAK,Scientific and technical journal articles,IP.JRN.ARTC.SC,6483.15,7175.1,7322.71,8116.95,9294.65,11152.3,12370.03,15378.21,16977.89,20753.75,22642.68,..
Palau,PLW,Scientific and technical journal articles,IP.JRN.ARTC.SC,2.25,4.2,4.71,5.61,3.3,5.96,6.51,6.1,6.52,5.61,6.45,..
Panama,PAN,Scientific and technical journal articles,IP.JRN.ARTC.SC,155.83,155.37,166.51,164.37,154.78,175.99,175.81,261.7,264.98,290.26,376.12,..
Papua New Guinea,PNG,Scientific and technical journal articles,IP.JRN.ARTC.SC,61.17,53.22,62.9,58.96,59.81,62,61.16,71.07,60.17,83.64,83.33,..
Paraguay,PRY,Scientific and technical journal articles,IP.JRN.ARTC.SC,55.91,60.16,63.16,94.74,102.38,140.84,104.89,167.73,173.48,190.01,208.68,..
Peru,PER,Scientific and technical journal articles,IP.JRN.ARTC.SC,641.35,667.12,745.61,899.29,1071.41,1389.87,1700.86,2332.04,2892.98,4064.96,4584.96,..
Philippines,PHL,Scientific and technical journal articles,IP.JRN.ARTC.SC,820.31,935.46,1038.82,1365.11,1654.64,1992.04,2121.3,3379.76,3262.82,4052.93,3961.49,..
Poland,POL,Scientific and technical journal articles,IP.JRN.ARTC.SC,27711.05,29634.94,31104.41,32723.75,34267.43,33886.6,35457.24,36493.83,38445.19,41280.7,37368.15,..
Portugal,PRT,Scientific and technical journal articles,IP.JRN.ARTC.SC,13001.8,13889.26,14438.03,14810.29,14398.94,14405.2,14906.3,16534.56,17269.64,19600.42,19622.76,..
Puerto Rico,PRI,Scientific and technical journal articles,IP.JRN.ARTC.SC,629.06,581.84,607.11,587.27,608.88,578.41,563.96,573.61,587.91,569.71,569.66,..
Qatar,QAT,Scientific and technical journal articles,IP.JRN.ARTC.SC,610.64,798.6,1120.5,1192.34,1437.58,1424.46,1555.68,1838.24,2333.06,2655.23,2649.64,..
Romania,ROU,Scientific and technical journal articles,IP.JRN.ARTC.SC,9844.05,9740.94,9746.12,10357.99,9456.26,9734.81,9295.6,10705.93,10334.95,12021.69,11669.69,..
Russian Federation,RUS,Scientific and technical journal articles,IP.JRN.ARTC.SC,36531.93,38952.94,44778.75,51956.58,61137.3,68641.1,77629.6,90819.89,94909.93,100841.94,84251.73,..
Rwanda,RWA,Scientific and technical journal articles,IP.JRN.ARTC.SC,53.75,88.22,96.5,102.51,130.22,127.74,173.12,197.72,264.98,328.92,352.94,..
Samoa,WSM,Scientific and technical journal articles,IP.JRN.ARTC.SC,2.51,4.42,10.24,10.17,7.37,9.42,11.8,8.56,21.41,23.76,16.2,..
San Marino,SMR,Scientific and technical journal articles,IP.JRN.ARTC.SC,3.66,7.03,4.9,7.25,8.56,14.31,12.12,11.96,10.15,16.1,19.12,..
Sao Tome and Principe,STP,Scientific and technical journal articles,IP.JRN.ARTC.SC,0.52,0.16,1.24,1.42,1.12,0.88,0.86,2.37,2.78,2.96,3.8,..
Saudi Arabia,SAU,Scientific and technical journal articles,IP.JRN.ARTC.SC,5832.1,7117.79,8119.83,8838.53,9340.69,9944.06,10745.38,13007.68,17012.12,21610.2,25825.3,..
Senegal,SEN,Scientific and technical journal articles,IP.JRN.ARTC.SC,260.75,275.66,296.3,328.18,333.11,339.19,384.95,377.31,413.42,421.32,450.9,..
Serbia,SRB,Scientific and technical journal articles,IP.JRN.ARTC.SC,5912.23,5274.97,5069.3,4895.14,5030.89,4918.08,4837.37,5062.2,4736.72,5275.05,5379.47,..
Seychelles,SYC,Scientific and technical journal articles,IP.JRN.ARTC.SC,10,16.91,9.64,19.11,12.2,11.95,11.02,11.12,30.3,21.79,20.24,..
Sierra Leone,SLE,Scientific and technical journal articles,IP.JRN.ARTC.SC,14.65,14.58,20.18,32.75,47.14,41.74,41.07,52.07,63.9,78.52,86.77,..
Singapore,SGP,Scientific and technical journal articles,IP.JRN.ARTC.SC,10823.23,11085.5,11333.21,11536.92,12074.78,12189.62,12072.15,12086.28,12347.41,12611.05,12700.34,..
Sint Maarten (Dutch part),SXM,Scientific and technical journal articles,IP.JRN.ARTC.SC,..,..,..,..,..,..,..,..,..,..,..,..
Slovak Republic,SVK,Scientific and technical journal articles,IP.JRN.ARTC.SC,4189.34,4390.13,4941,5066.29,5485.35,5691.88,5237.95,5845.98,5671.55,5844.28,5390.39,..
Slovenia,SVN,Scientific and technical journal articles,IP.JRN.ARTC.SC,3561.91,3573.94,3516.41,3602.54,3440.93,3502.91,3390.46,3765.7,3964.77,4471.29,4073.69,..
Solomon Islands,SLB,Scientific and technical journal articles,IP.JRN.ARTC.SC,4.37,4.01,8.02,13.72,14.96,10.91,15.31,13.43,15.67,14.22,11.06,..
Somalia,SOM,Scientific and technical journal articles,IP.JRN.ARTC.SC,1.43,6.31,5.45,5.45,3.51,10.82,10.24,18.86,33.07,54.49,106.49,..
South Africa,ZAF,Scientific and technical journal articles,IP.JRN.ARTC.SC,9105.16,9656.24,10323.83,11148.43,12184.62,13020.27,13477.1,15148.36,15744.73,16092.63,16651.13,..
South Sudan,SSD,Scientific and technical journal articles,IP.JRN.ARTC.SC,2.42,8.96,5.62,5.51,2.11,5.73,9.62,8.67,14.57,13.09,16.38,..
Spain,ESP,Scientific and technical journal articles,IP.JRN.ARTC.SC,54679.57,54727.56,56177.8,55305.66,55591.05,55884.36,57270.34,60307.51,65541.7,70281.94,67099.71,..
Sri Lanka,LKA,Scientific and technical journal articles,IP.JRN.ARTC.SC,608.18,732.88,705.68,753.68,1124.15,1189.29,1458.51,1707.05,1795.73,2392.5,2482.89,..
St. Kitts and Nevis,KNA,Scientific and technical journal articles,IP.JRN.ARTC.SC,8.85,12.97,15.2,19.3,21.51,28.53,27.26,33.46,35.74,34.45,38.87,..
St. Lucia,LCA,Scientific and technical journal articles,IP.JRN.ARTC.SC,0.75,3.7,0.16,3.11,4.9,2.42,4.09,4.07,3.06,4.93,4.69,..
St. Martin (French part),MAF,Scientific and technical journal articles,IP.JRN.ARTC.SC,..,..,..,..,..,..,..,..,..,..,..,..
St. Vincent and the Grenadines,VCT,Scientific and technical journal articles,IP.JRN.ARTC.SC,0.92,2.2,1.51,0.76,2.26,4.25,1.22,5.26,5.24,9.79,8.36,..
Sudan,SDN,Scientific and technical journal articles,IP.JRN.ARTC.SC,243.74,321.24,221.77,251.84,365.59,321.71,400.53,390.18,385.69,547.91,507.12,..
Suriname,SUR,Scientific and technical journal articles,IP.JRN.ARTC.SC,9.51,16.37,8.45,13.2,22.14,14.67,17.48,19.98,19.85,24.92,13.33,..
Sweden,SWE,Scientific and technical journal articles,IP.JRN.ARTC.SC,19421.58,20023.76,21042.01,21197.56,21161.98,21174.66,21255.37,21466.94,21766.86,22723.69,22353.75,..
Switzerland,CHE,Scientific and technical journal articles,IP.JRN.ARTC.SC,20963.19,21599.81,22166.96,22207.15,22401.11,23044.72,22749.87,23076.47,23656.76,25078.21,24247.97,..
Syrian Arab Republic,SYR,Scientific and technical journal articles,IP.JRN.ARTC.SC,300.7,247.36,236.44,269.4,277.7,258.29,308.59,345.94,475.52,543.34,584.3,..
Tajikistan,TJK,Scientific and technical journal articles,IP.JRN.ARTC.SC,48.19,56.84,39.48,55.8,50.89,57.68,59.57,86.2,116.83,129.47,110.17,..
Tanzania,TZA,Scientific and technical journal articles,IP.JRN.ARTC.SC,393.1,401.29,530.03,538.35,562.74,616.07,627.21,790.66,889.34,997.15,1171.41,..
Thailand,THA,Scientific and technical journal articles,IP.JRN.ARTC.SC,7563.51,7580.72,8203.92,8535.21,9584.81,11108.45,12784.69,13620.48,14020.33,16705.46,18490.53,..
Timor-Leste,TLS,Scientific and technical journal articles,IP.JRN.ARTC.SC,6,6.29,11.84,9.32,8.56,14.67,15.79,14.47,11.77,16.86,13.94,..
Togo,TGO,Scientific and technical journal articles,IP.JRN.ARTC.SC,44.02,56.57,75.07,69.89,67.17,66.29,85.31,90.69,90.22,107.38,134.74,..
Tonga,TON,Scientific and technical journal articles,IP.JRN.ARTC.SC,1.83,1.63,0.88,2.88,3.34,7.89,5.82,4.69,9.24,3.67,4.63,..
Trinidad and Tobago,TTO,Scientific and technical journal articles,IP.JRN.ARTC.SC,205.67,158.81,242.35,151.67,206.67,221.4,233.13,241.49,246.75,264.04,261.85,..
Tunisia,TUN,Scientific and technical journal articles,IP.JRN.ARTC.SC,3800.66,4230.52,4528.82,4873.17,5415.09,5614.15,5558.13,5205.26,4955.74,5122.21,5730.03,..
Turkiye,TUR,Scientific and technical journal articles,IP.JRN.ARTC.SC,27961.75,30007.39,30611.18,32539.53,34932.25,33087.1,33902.25,37976.86,40923.32,47600.4,52657.73,..
Turkmenistan,TKM,Scientific and technical journal articles,IP.JRN.ARTC.SC,12.67,5.85,18.89,6.2,2.98,7.93,4.94,2.72,5.5,12.44,21.92,..
Turks and Caicos Islands,TCA,Scientific and technical journal articles,IP.JRN.ARTC.SC,..,..,..,..,..,..,..,..,..,..,..,..
Tuvalu,TUV,Scientific and technical journal articles,IP.JRN.ARTC.SC,0.04,0.33,1.13,1.09,0.41,0.65,0.48,0.12,0.39,0.06,0.52,..
Uganda,UGA,Scientific and technical journal articles,IP.JRN.ARTC.SC,451.08,472.09,510.01,609.18,604.59,652.78,685.5,802.04,920.53,1207.57,1244,..
Ukraine,UKR,Scientific and technical journal articles,IP.JRN.ARTC.SC,6659.32,7355.95,7282.92,7534.41,7962.38,9161.78,10355.29,13299.64,14058.8,15133.9,13205.56,..
United Arab Emirates,ARE,Scientific and technical journal articles,IP.JRN.ARTC.SC,1607.36,1763.04,1814.55,2314.25,2562.72,2866.45,3080.82,4137.79,4467.88,5266.62,6401.84,..
United Kingdom,GBR,Scientific and technical journal articles,IP.JRN.ARTC.SC,98685.19,99858.85,99810.65,101175.14,101572,102026.8,102782.03,103937.96,104648.2,109939.22,105583.93,..
United States,USA,Scientific and technical journal articles,IP.JRN.ARTC.SC,430163.93,432033.06,434412.33,436908.38,437546.04,440417.99,447164.41,451480.17,457586.9,472448.44,457335.25,..
Uruguay,URY,Scientific and technical journal articles,IP.JRN.ARTC.SC,584.87,596.79,740.37,697.03,856.64,802.09,926.32,995.1,980.26,1189.05,1057.66,..
Uzbekistan,UZB,Scientific and technical journal articles,IP.JRN.ARTC.SC,331.89,353.35,334.27,294.17,377.68,340.02,350.52,772.6,1259.22,2408.47,2187.4,..
Vanuatu,VUT,Scientific and technical journal articles,IP.JRN.ARTC.SC,6.51,7.85,8.33,10.55,13.13,10.47,8.45,10.24,11.54,17.87,14.7,..
"Venezuela, RB",VEN,Scientific and technical journal articles,IP.JRN.ARTC.SC,1322.92,1201.84,1240.06,978.48,867.57,882.12,707.07,755.19,716.5,672.65,512.19,..
Viet Nam,VNM,Scientific and technical journal articles,IP.JRN.ARTC.SC,1559.95,1881.36,1943.68,2223.04,3021.1,3279.05,4301.7,6113.19,8265.78,9651.04,10530.19,..
Virgin Islands (U.S.),VIR,Scientific and technical journal articles,IP.JRN.ARTC.SC,..,..,..,..,..,..,..,..,..,..,..,..
West Bank and Gaza,PSE,Scientific and technical journal articles,IP.JRN.ARTC.SC,205.83,228.74,234.3,222.35,238.85,329.48,386.58,473.38,522.14,628.83,714.58,..
"Yemen, Rep.",YEM,Scientific and technical journal articles,IP.JRN.ARTC.SC,104.86,117.18,138.17,105.74,115.12,123.63,140.94,210.33,272.75,432.5,415.15,..
Zambia,ZMB,Scientific and technical journal articles,IP.JRN.ARTC.SC,106.86,120.54,129.56,161.52,179.73,208.05,217.51,209.81,266.64,312.77,344.27,..
Zimbabwe,ZWE,Scientific and technical journal articles,IP.JRN.ARTC.SC,204.73,220.97,269.85,274.6,323.32,339.94,392.5,426.38,456.49,495.68,563.05,..
